K,Gamma,Central_Pressure_Pa,Radius_km,Mass_Msun
0.035,1.99,1e+33,20.726949119489486,1.1540437710146398
0.035,1.99,1.1937766417144456e+33,20.499762693594807,1.2194166556042196
0.035,1.99,1.4251026703029963e+33,20.262593974191738,1.2855579263901085
0.035,1.99,1.7012542798525997e+33,20.012346610701098,1.3520578829267182
0.035,1.99,2.0309176209047305e+33,19.749741211133323,1.4184653583564706
0.035,1.99,2.4244620170823406e+33,19.47676735148154,1.4842925868078887
0.035,1.99,2.89426612471674e+33,19.189714544486296,1.5490217464100065
0.035,1.99,3.455107294592232e+33,18.89301932647795,1.6121131432621973
0.035,1.99,4.124626382901331e+33,18.585098221353483,1.6730148960624847
0.035,1.99,4.923882631706752e+33,18.266455770738023,1.731173897620338
0.035,1.99,5.878016072274876e+33,17.93716214306005,1.7860477210790306
0.035,1.99,7.017038286703836e+33,17.59918977429974,1.8371170547185534
0.035,1.99,8.376776400682855e+33,17.254352085515986,1.883898180775172
0.035,1.99,1e+34,16.899825999865108,1.9259549714774045
0.035,1.99,1.1937766417144455e+34,16.54206258473414,1.962909874284659
0.035,1.99,1.4251026703029964e+34,16.178232531587113,1.994453376988035
0.035,1.99,1.7012542798525995e+34,15.809901659844456,2.020351521306794
0.035,1.99,2.0309176209047306e+34,15.441194805949953,2.040451134368258
0.035,1.99,2.4244620170823407e+34,15.069945718417689,2.0546825555888732
0.035,1.99,2.89426612471674e+34,14.699997512125897,2.0630598036504555
0.035,1.99,3.4551072945922323e+34,14.333961599506898,2.065678249344997
0.035,1.99,4.124626382901331e+34,13.96858839942301,2.0627100001961667
0.035,1.99,4.923882631706752e+34,13.608661609645228,2.0543973226776084
0.035,1.99,5.878016072274876e+34,13.255820250709641,2.0410444978640863
0.035,1.99,7.017038286703837e+34,12.908392261563474,2.0230085663497257
0.035,1.99,8.376776400682855e+34,12.569790387571496,2.0006894380714586
0.035,1.99,1e+35,12.243242246514765,1.974519814423041
0.035,1.99,1.1937766417144454e+35,11.926858930026846,1.9449553367291328
0.035,1.99,1.4251026703029963e+35,11.61993973162717,1.9124653130098423
0.035,1.99,1.7012542798525996e+35,11.329377824144231,1.87752431154289
0.035,1.99,2.0309176209047308e+35,11.05231132963971,1.8406047828378487
0.035,1.99,2.4244620170823407e+35,10.789561892773575,1.802170877314421
0.035,1.99,2.8942661247167398e+35,10.543961812374762,1.7626734673761346
0.035,1.99,3.455107294592232e+35,10.314365430043692,1.7225463827842777
0.035,1.99,4.124626382901331e+35,10.101180871474764,1.6822037824810483
0.035,1.99,4.923882631706752e+35,9.90772912927176,1.6420385620708695
0.035,1.99,5.8780160722748756e+35,9.733345757297668,1.6024216366153237
0.035,1.99,7.017038286703837e+35,9.577689245160855,1.5637019607308382
0.035,1.99,8.376776400682855e+35,9.443170820001386,1.5262070462689001
0.035,1.99,1e+36,9.32850775017568,1.4902437956220307
0.0375,1.99,1e+33,21.36983324405459,1.2214783761332504
0.0375,1.99,1.1937766417144456e+33,21.13177698317093,1.2895300877111202
0.0375,1.99,1.4251026703029963e+33,20.8797785788456,1.3582158905123995
0.0375,1.99,1.7012542798525997e+33,20.61687729793182,1.427094171488888
0.0375,1.99,2.0309176209047305e+33,20.33981869549667,1.4956821570126053
0.0375,1.99,2.4244620170823406e+33,20.050569448882417,1.5634616366869802
0.0375,1.99,2.89426612471674e+33,19.7497765069968,1.629886415150179
0.0375,1.99,3.455107294592232e+33,19.438175089204176,1.6943914193303433
0.0375,1.99,4.124626382901331e+33,19.115500993628487,1.756403282044452
0.0375,1.99,4.923882631706752e+33,18.779761043864003,1.8153521229036291
0.0375,1.99,5.878016072274876e+33,18.436908318643674,1.8706841487072292
0.0375,1.99,7.017038286703836e+33,18.084180871237816,1.9218746068718764
0.0375,1.99,8.376776400682855e+33,17.72288807322647,1.968440580313636
0.0375,1.99,1e+34,17.355427457117642,2.0099530601505413
0.0375,1.99,1.1937766417144455e+34,16.97984665288109,2.0460477580992316
0.0375,1.99,1.4251026703029964e+34,16.603145822569996,2.0764341662502224
0.0375,1.99,1.7012542798525995e+34,16.220523969481018,2.1009024364888176
0.0375,1.99,2.0309176209047306e+34,15.838155416618513,2.119327798494361
0.0375,1.99,2.4244620170823407e+34,15.455587309783136,2.131672338229171
0.0375,1.99,2.89426612471674e+34,15.072641166294096,2.1379841394803343
0.0375,1.99,3.4551072945922323e+34,14.692900142929897,2.1383939105007754
0.0375,1.99,4.124626382901331e+34,14.317020680494583,2.133109358184878
0.0375,1.99,4.923882631706752e+34,13.946862711499252,2.122407684171176
0.0375,1.99,5.878016072274876e+34,13.583275643464296,2.1066266444535695
0.0375,1.99,7.017038286703837e+34,13.227514931270957,2.0861546506853488
0.0375,1.99,8.376776400682855e+34,12.881176186713438,2.061420390686494
0.0375,1.99,1e+35,12.546867676449496,2.0328824487130626
0.0375,1.99,1.1937766417144454e+35,12.223602080905208,2.0010192903323873
0.0375,1.99,1.4251026703029963e+35,11.913189174614894,1.9663199936288989
0.0375,1.99,1.7012542798525996e+35,11.616902114575494,1.929275935315245
0.0375,1.99,2.0309176209047308e+35,11.336125876432954,1.8903736321214892
0.0375,1.99,2.4244620170823407e+35,11.069721102694015,1.850088826838142
0.0375,1.99,2.8942661247167398e+35,10.821058595981722,1.8088818358760892
0.0375,1.99,3.455107294592232e+35,10.58980259312292,1.7671941210162747
0.0375,1.99,4.124626382901331e+35,10.378364170146817,1.7254460061438508
0.0375,1.99,4.923882631706752e+35,10.186314472635573,1.6840354047063668
0.0375,1.99,5.8780160722748756e+35,10.012519668841858,1.6433374012280308
0.0375,1.99,7.017038286703837e+35,9.85954618575764,1.60370450177877
0.0375,1.99,8.376776400682855e+35,9.72836386367069,1.5654673238960175
0.0375,1.99,1e+36,9.618783359796842,1.5289355039669956
0.04,1.99,1e+33,21.98931983066648,1.2877221051543077
0.04,1.99,1.1937766417144456e+33,21.737836134728134,1.3583198119188846
0.04,1.99,1.4251026703029963e+33,21.473917218926562,1.4294099406273053
0.04,1.99,1.7012542798525997e+33,21.196833442204632,1.5005200219027728
0.04,1.99,2.0309176209047305e+33,20.90657724226056,1.5711370287869502
0.04,1.99,2.4244620170823406e+33,20.60323926343761,1.6407139509765143
0.04,1.99,2.89426612471674e+33,20.28764015000363,1.7086781386205034
0.04,1.99,3.455107294592232e+33,19.959762430583712,1.774441297566367
0.04,1.99,4.124626382901331e+33,19.622295476337346,1.837410920611695
0.04,1.99,4.923882631706752e+33,19.273611607118433,1.8970028183721412
0.04,1.99,5.878016072274876e+33,18.914915857942695,1.952654331869977
0.04,1.99,7.017038286703836e+33,18.546848034971436,2.003837720672117
0.04,1.99,8.376776400682855e+33,18.169765888727962,2.050073171514753
0.04,1.99,1e+34,17.788059708009204,2.09094085947462
0.04,1.99,1.1937766417144455e+34,17.39993772275068,2.1260915033167653
0.04,1.99,1.4251026703029964e+34,17.008035993986145,2.155254944398595
0.04,1.99,1.7012542798525995e+34,16.61383894064845,2.1782463434091235
0.04,1.99,2.0309176209047306e+34,16.217267258587206,2.194969755767075
0.04,1.99,2.4244620170823407e+34,15.819942866205157,2.205418956901095
0.04,1.99,2.89426612471674e+34,15.427134301517615,2.209675579215594
0.04,1.99,3.4551072945922323e+34,15.03681151372406,2.2079047255994175
0.04,1.99,4.124626382901331e+34,14.649303444965584,2.2003484009975596
0.04,1.99,4.923882631706752e+34,14.269107148971758,2.1873171571119276
0.04,1.99,5.878016072274876e+34,13.896978535493318,2.1691804275688997
0.04,1.99,7.017038286703837e+34,13.533469331513727,2.146356063379276
0.04,1.99,8.376776400682855e+34,13.17933354484403,2.1192995612291416
0.04,1.99,1e+35,12.837651245756296,2.0884934272230926
0.04,1.99,1.1937766417144454e+35,12.508319435017894,2.0544370821293874
0.04,1.99,1.4251026703029963e+35,12.193566252419057,2.0176376193192946
0.04,1.99,1.7012542798525996e+35,11.892906129297987,1.9786016421118313
0.04,1.99,2.0309176209047308e+35,11.607913964464915,1.9378283330532327
0.04,1.99,2.4244620170823407e+35,11.3399316669231,1.8958038195980211
0.04,1.99,2.8942661247167398e+35,11.089889174909104,1.8529968477063419
0.04,1.99,3.455107294592232e+35,10.858531092471498,1.8098556838313336
0.04,1.99,4.124626382901331e+35,10.64693633885741,1.7668061584472956
0.04,1.99,4.923882631706752e+35,10.45542317410847,1.7242506979677652
0.04,1.99,5.8780160722748756e+35,10.284139970299089,1.6825681695276353
0.04,1.99,7.017038286703837e+35,10.134649875543523,1.6421143337652413
0.04,1.99,8.376776400682855e+35,10.006909178520637,1.6032226731568202
0.04,1.99,1e+36,9.901572961573283,1.566205334498596
0.0425,1.99,1e+33,22.585858509294383,1.3528409993456358
0.0425,1.99,1.1937766417144456e+33,22.31984866157295,1.4258615395543404
0.0425,1.99,1.4251026703029963e+33,22.044214218361525,1.4992264606263999
0.0425,1.99,1.7012542798525997e+33,21.753416036090417,1.5724334937510134
0.0425,1.99,2.0309176209047305e+33,21.448962572413034,1.6449406864228413
0.0425,1.99,2.4244620170823406e+33,21.132729249778233,1.716173817130185
0.0425,1.99,2.89426612471674e+33,20.803712824452703,1.7855356077778608
0.0425,1.99,3.455107294592232e+33,20.46171020226121,1.852416572377488
0.0425,1.99,4.124626382901331e+33,20.108831623042096,1.916207239613912
0.0425,1.99,4.923882631706752e+33,19.74636935964087,1.9763113699662784
0.0425,1.99,5.878016072274876e+33,19.37219975603499,2.0321597038288632
0.0425,1.99,7.017038286703836e+33,18.989636329657024,2.0832236989629846
0.0425,1.99,8.376776400682855e+33,18.59968330072041,2.129028668733906
0.0425,1.99,1e+34,18.204088201518566,2.1691657452688493
0.0425,1.99,1.1937766417144455e+34,17.801732596489877,2.203302110369992
0.0425,1.99,1.4251026703029964e+34,17.396866363546433,2.231189031488617
0.0425,1.99,1.7012542798525995e+34,16.988518204674058,2.2526673368316272
0.0425,1.99,2.0309176209047306e+34,16.579847792017944,2.2676701297585775
0.0425,1.99,2.4244620170823407e+34,16.172477389842836,2.276222666910195
0.0425,1.99,2.89426612471674e+34,15.767007538089679,2.278439507610663
0.0425,1.99,3.4551072945922323e+34,15.365866207169086,2.2745191722131985
0.0425,1.99,4.124626382901331e+34,14.968520289148525,2.264736679344866
0.0425,1.99,4.923882631706752e+34,14.57897530683875,2.249434406018321
0.0425,1.99,5.878016072274876e+34,14.197923145163465,2.2290117802430007
0.0425,1.99,7.017038286703837e+34,13.826894977866973,2.2039143233977554
0.0425,1.99,8.376776400682855e+34,13.466966814454993,2.174622541571074
0.0425,1.99,1e+35,13.117846571160914,2.1416411115270284
0.0425,1.99,1.1937766417144454e+35,12.78380162353918,2.1054887438683596
0.0425,1.99,1.4251026703029963e+35,12.46380432644914,2.066689013594981
0.0425,1.99,1.7012542798525996e+35,12.158787784668059,2.0257623705017886
0.0425,1.99,2.0309176209047308e+35,11.870622527770522,1.9832194515142072
0.0425,1.99,2.4244620170823407e+35,11.601036617624445,1.9395557431820978
0.0425,1.99,2.8942661247167398e+35,11.349965223992807,1.895247562070491
0.0425,1.99,3.455107294592232e+35,11.118265439444011,1.8507492878764948
0.0425,1.99,4.124626382901331e+35,10.907036786936562,1.8064917140159182
0.0425,1.99,4.923882631706752e+35,10.716877343626189,1.7628813625789008
0.0425,1.99,5.8780160722748756e+35,10.547445040269677,1.7203005647308716
0.0425,1.99,7.017038286703837e+35,10.399864495974949,1.6791080912512948
0.0425,1.99,8.376776400682855e+35,10.277625850920398,1.639640082595597
0.0425,1.99,1e+36,10.177766967151959,1.6022109856476932
0.045,1.99,1e+33,23.159174610620365,1.41689439789069
0.045,1.99,1.1937766417144456e+33,22.883649958999182,1.4922231854831198
0.045,1.99,1.4251026703029963e+33,22.59372022251789,1.5677427995211741
0.045,1.99,1.7012542798525997e+33,22.28937438582081,1.6429222243435264
0.045,1.99,2.0309176209047305e+33,21.972872995098164,1.7171918772680728
0.045,1.99,2.4244620170823406e+33,21.642511301681434,1.789951855193421
0.045,1.99,2.89426612471674e+33,21.299069156250138,1.8605819886729669
0.045,1.99,3.455107294592232e+33,20.944714533191657,1.928453505015392
0.045,1.99,4.124626382901331e+33,20.577284857301283,1.9929419899162342
0.045,1.99,4.923882631706752e+33,20.19935447659667,2.053441227323568
0.045,1.99,5.878016072274876e+33,19.812325390428676,2.10937741056487
0.045,1.99,7.017038286703836e+33,19.416971657744202,2.1602231474122373
0.045,1.99,8.376776400682855e+33,19.012575630036178,2.205510653375775
0.045,1.99,1e+34,18.602636794032914,2.2448435464225924
0.045,1.99,1.1937766417144455e+34,18.187571942248383,2.277906685396418
0.045,1.99,1.4251026703029964e+34,17.76909654134713,2.304473616320352
0.045,1.99,1.7012542798525995e+34,17.348972850939813,2.3244113018655965
0.045,1.99,2.0309176209047306e+34,16.928560887610907,2.3376819576192513
0.045,1.99,2.4244620170823407e+34,16.509307423635782,2.344341994789012
0.045,1.99,2.89426612471674e+34,16.09376662304197,2.344538217222979
0.045,1.99,3.4551072945922323e+34,15.680408953383125,2.338501563956292
0.045,1.99,4.124626382901331e+34,15.276432492807693,2.3265388120218504
0.045,1.99,4.923882631706752e+34,14.877352415151314,2.309022713865338
0.045,1.99,5.878016072274876e+34,14.487943403686774,2.286381118814763
0.045,1.99,7.017038286703837e+34,14.108991575209611,2.2590855850302423
0.045,1.99,8.376776400682855e+34,13.742300934235244,2.22763999789922
0.045,1.99,1e+35,13.388127789312529,2.1925696284216163
0.045,1.99,1.1937766417144454e+35,13.048429789497877,2.1544109910114866
0.045,1.99,1.4251026703029963e+35,12.725115153719434,2.113702787675037
0.045,1.99,1.7012542798525996e+35,12.416968935075761,2.0709781086164996
0.045,1.99,2.0309176209047308e+35,12.12690122198445,2.026757999984504
0.045,1.99,2.4244620170823407e+35,11.855681025866998,1.9815464176248
0.045,1.99,2.8942661247167398e+35,11.602983658840639,1.9358265226388895
0.045,1.99,3.455107294592232e+35,11.369781958853158,1.8900582250388303
0.045,1.99,4.124626382901331e+35,11.159611914830807,1.8446768273468632
0.045,1.99,4.923882631706752e+35,10.969843546996563,1.800092599509026
0.045,1.99,5.8780160722748756e+35,10.805402312976428,1.7566910753887086
0.045,1.99,7.017038286703837e+35,10.661174585722119,1.7148338259240652
0.045,1.99,8.376776400682855e+35,10.542725508526457,1.6748594610637995
0.045,1.99,1e+36,10.447685469387615,1.6370845284040187
0.035,1.995,1e+33,22.572386037375335,1.3557526239760105
0.035,1.995,1.1937766417144456e+33,22.31237079506537,1.429393645936556
0.035,1.995,1.4251026703029963e+33,22.038560998854287,1.5034067508132476
0.035,1.995,1.7012542798525997e+33,21.75149911333286,1.5772842106241274
0.035,1.995,2.0309176209047305e+33,21.45038123472349,1.6504777649793487
0.035,1.995,2.4244620170823406e+33,21.13782197485851,1.722406139377387
0.035,1.995,2.89426612471674e+33,20.811138398133828,1.7924644003420018
0.035,1.995,3.455107294592232e+33,20.47344034474417,1.860034989926167
0.035,1.995,4.124626382901331e+33,20.123041874480222,1.9245001586067787
0.035,1.995,4.923882631706752e+33,19.760693666262586,1.9852554240509677
0.035,1.995,5.878016072274876e+33,19.389859583757005,2.041723569317162
0.035,1.995,7.017038286703836e+33,19.009502450411393,2.0933686281260684
0.035,1.995,8.376776400682855e+33,18.62064796078459,2.139709263143539
0.035,1.995,1e+34,18.22684419081464,2.1803309367314854
0.035,1.995,1.1937766417144455e+34,17.826917048670534,2.214896308997331
0.035,1.995,1.4251026703029964e+34,17.42126325120589,2.2431533942966864
0.035,1.995,1.7012542798525995e+34,17.015581028805244,2.2649411068665564
0.035,1.995,2.0309176209047306e+34,16.60712702861794,2.2801919720747197
0.035,1.995,2.4244620170823407e+34,16.199489938967027,2.28893196496981
0.035,1.995,2.89426612471674e+34,15.795463896360639,2.291277561756935
0.035,1.995,3.4551072945922323e+34,15.393893176545335,2.287430258776768
0.035,1.995,4.124626382901331e+34,14.99734368447354,2.277668945224342
0.035,1.995,4.923882631706752e+34,14.607910546635322,2.26234057514448
0.035,1.995,5.878016072274876e+34,14.227112789946572,2.24184967373007
0.035,1.995,7.017038286703837e+34,13.856422298198485,2.216647191969484
0.035,1.995,8.376776400682855e+34,13.495991018618371,2.1872192258294407
0.035,1.995,1e+35,13.147176986758947,2.154076051925786
0.035,1.995,1.1937766417144454e+35,12.812646787525535,2.1177418605751113
0.035,1.995,1.4251026703029963e+35,12.492666829571148,2.078745489945301
0.035,1.995,1.7012542798525996e+35,12.18805676581594,2.037612359126924
0.035,1.995,2.0309176209047308e+35,11.899766574544257,1.994857731123788
0.035,1.995,2.4244620170823407e+35,11.62979709948547,1.9509813497286879
0.035,1.995,2.8942661247167398e+35,11.379310536589626,1.906463409021021
0.035,1.995,3.455107294592232e+35,11.147742113925633,1.8617617898574987
0.035,1.995,4.124626382901331e+35,10.936838039583863,1.8173104252623162
0.035,1.995,4.923882631706752e+35,10.74676982533121,1.7735186318671654
0.035,1.995,5.8780160722748756e+35,10.577308573749677,1.7307712092599679
0.035,1.995,7.017038286703837e+35,10.42987285092523,1.6894290841574413
0.035,1.995,8.376776400682855e+35,10.307832217877237,1.6498302459159244
0.035,1.995,1e+36,10.208192731912495,1.6122906757888218
0.0375,1.995,1e+33,23.265609207989204,1.4333489988311565
0.0375,1.995,1.1937766417144456e+33,22.98989000959108,1.5097983781810171
0.0375,1.995,1.4251026703029963e+33,22.701009534744077,1.5864326037658958
0.0375,1.995,1.7012542798525997e+33,22.398794950027895,1.662708806648399
0.0375,1.995,2.0309176209047305e+33,22.0830163617947,1.7380449694383904
0.0375,1.995,2.4244620170823406e+33,21.753292544182756,1.8118284688595758
0.0375,1.995,2.89426612471674e+33,21.409749564138174,1.8834264659738167
0.0375,1.995,3.455107294592232e+33,21.055427172120808,1.9521979371825158
0.0375,1.995,4.124626382901331e+33,20.68747845687646,2.017507014773533
0.0375,1.995,4.923882631706752e+33,20.30905198787413,2.078737203025157
0.0375,1.995,5.878016072274876e+33,19.919879194410857,2.135305936701404
0.0375,1.995,7.017038286703836e+33,19.52455902758247,2.186678889025912
0.0375,1.995,8.376776400682855e+33,19.118801884179597,2.232383402752618
0.0375,1.995,1e+34,18.707663209438454,2.2720204400353223
0.0375,1.995,1.1937766417144455e+34,18.290306792078635,2.3052744907376534
0.0375,1.995,1.4251026703029964e+34,17.871028663567763,2.3319209957516844
0.0375,1.995,1.7012542798525995e+34,17.44950720104367,2.3518309557915673
0.0375,1.995,2.0309176209047306e+34,17.027594713553967,2.364972574769081
0.0375,1.995,2.4244620170823407e+34,16.606965343194776,2.3714099379578615
0.0375,1.995,2.89426612471674e+34,16.188497216603206,2.371298896661288
0.0375,1.995,3.4551072945922323e+34,15.775946314370447,2.3648804725567376
0.0375,1.995,4.124626382901331e+34,15.367622518162149,2.3524722073573425
0.0375,1.995,4.923882631706752e+34,14.967737524716096,2.3344579722367733
0.0375,1.995,5.878016072274876e+34,14.577172553700095,2.3112767720250824
0.0375,1.995,7.017038286703837e+34,14.197045023615084,2.2834110931048963
0.0375,1.995,8.376776400682855e+34,13.828395383247676,2.251375299962365
0.0375,1.995,1e+35,13.474054550102773,2.21570452497373
0.0375,1.995,1.1937766417144454e+35,13.133244042057447,2.17694441213339
0.0375,1.995,1.4251026703029963e+35,12.807759555671456,2.135641990441375
0.0375,1.995,1.7012542798525996e+35,12.499227902398006,2.092337850513098
0.0375,1.995,2.0309176209047308e+35,12.208657934923906,2.047559728531042
0.0375,1.995,2.4244620170823407e+35,11.937096037873813,2.0018174954286843
0.0375,1.995,2.8942661247167398e+35,11.68537679488954,1.9555995148189251
0.0375,1.995,3.455107294592232e+35,11.453164114163057,1.9093702571698514
0.0375,1.995,4.124626382901331e+35,11.242437432959532,1.8635690215417742
0.0375,1.995,4.923882631706752e+35,11.054534515962809,1.8186095790909644
0.0375,1.995,5.8780160722748756e+35,10.888176089415557,1.7748805258171343
0.0375,1.995,7.017038286703837e+35,10.746850438875569,1.732746102198005
0.0375,1.995,8.376776400682855e+35,10.628119096417969,1.692547194961449
0.0375,1.995,1e+36,10.535606642729533,1.6546022206033832
0.04,1.995,1e+33,23.92922578595489,1.509459774616908
0.04,1.995,1.1937766417144456e+33,23.639760582659335,1.5885612948448793
0.04,1.995,1.4251026703029963e+33,23.337185822632605,1.6676535675653699
0.04,1.995,1.7012542798525997e+33,23.01907806995084,1.746160122358902
0.04,1.995,2.0309176209047305e+33,22.687446139335165,1.8234670516267284
0.04,1.995,2.4244620170823406e+33,22.34150479402241,1.8989325494073817
0.04,1.995,2.89426612471674e+33,21.983164085677924,1.9718982987708573
0.04,1.995,3.455107294592232e+33,21.609909577785505,2.041702438117737
0.04,1.995,4.124626382901331e+33,21.227571630749107,2.1076937328330128
0.04,1.995,4.923882631706752e+33,20.833464226766477,2.1692464546398806
0.04,1.995,5.878016072274876e+33,20.428328327680426,2.2257754017909948
0.04,1.995,7.017038286703836e+33,20.015978637589466,2.2767504198640114
0.04,1.995,8.376776400682855e+33,19.595046544030915,2.3217097874704034
0.04,1.995,1e+34,19.167418646689903,2.3602718492489987
0.04,1.995,1.1937766417144455e+34,18.7367262204952,2.392144357775399
0.04,1.995,1.4251026703029964e+34,18.299948548706254,2.4171311058020395
0.04,1.995,1.7012542798525995e+34,17.866051810020846,2.43513558044097
0.04,1.995,2.0309176209047306e+34,17.429184511284586,2.4461615216605526
0.04,1.995,2.4244620170823407e+34,16.996396709255862,2.4503104790065806
0.04,1.995,2.89426612471674e+34,16.566059331114666,2.4477765709985366
0.04,1.995,3.4551072945922323e+34,16.139869749563772,2.4388388424732725
0.04,1.995,4.124626382901331e+34,15.721871137137269,2.4238516833059305
0.04,1.995,4.923882631706752e+34,15.312266649123863,2.4032338521990333
0.04,1.995,5.878016072274876e+34,14.912569347036559,2.377456677809043
0.04,1.995,7.017038286703837e+34,14.524658541856475,2.347031983214425
0.04,1.995,8.376776400682855e+34,14.148263441658788,2.312500235653528
0.04,1.995,1e+35,13.787110854852578,2.27441935664781
0.04,1.995,1.1937766417144454e+35,13.439811680959814,2.233354524945298
0.04,1.995,1.4251026703029963e+35,13.109967901824811,2.189869229697398
0.04,1.995,1.7012542798525996e+35,12.799129832519938,2.1445177110813973
0.04,1.995,2.0309176209047308e+35,12.507029200419343,2.097838866047532
0.04,1.995,2.4244620170823407e+35,12.232821158279744,2.0503516008099614
0.04,1.995,2.8942661247167398e+35,11.979314412530853,2.002551563492506
0.04,1.995,3.455107294592232e+35,11.747971872698349,1.9549091104989185
0.04,1.995,4.124626382901331e+35,11.5386981977095,1.9078683624797699
0.04,1.995,4.923882631706752e+35,11.353218809495646,1.8618471336533695
0.04,1.995,5.8780160722748756e+35,11.189764553569152,1.817237501903645
0.04,1.995,7.017038286703837e+35,11.053308026010049,1.7744067587940722
0.04,1.995,8.376776400682855e+35,10.939968749646754,1.7336984390783787
0.04,1.995,1e+36,10.853630699742059,1.6954330962356043
0.0425,1.995,1e+33,24.568677911211786,1.584170771419303
0.0425,1.995,1.1937766417144456e+33,24.266712517717398,1.6657801998246713
0.0425,1.995,1.4251026703029963e+33,23.94784560256075,1.7471805402005876
0.0425,1.995,1.7012542798525997e+33,23.616132138853732,1.8277632298612128
0.0425,1.995,2.0309176209047305e+33,23.268088323975004,1.906884266672329
0.0425,1.995,2.4244620170823406e+33,22.907186129132,1.9838747225766866
0.0425,1.995,2.89426612471674e+33,22.53263950520212,2.058053078537755
0.0425,1.995,3.455107294592232e+33,22.145761985613476,2.128739071892065
0.0425,1.995,4.124626382901331e+33,21.74637506702532,2.1952686167371223
0.0425,1.995,4.923882631706752e+33,21.33589686143572,2.2570092664151242
0.0425,1.995,5.878016072274876e+33,20.91555229354638,2.3133755946173475
0.0425,1.995,7.017038286703836e+33,20.4867235324862,2.363843838457503
0.0425,1.995,8.376776400682855e+33,20.04940084237689,2.407965143420335
0.0425,1.995,1e+34,19.607665559097075,2.4453768030907828
0.0425,1.995,1.1937766417144455e+34,19.160969379890446,2.4758109681901295
0.0425,1.995,1.4251026703029964e+34,18.713178557841317,2.499100454171802
0.0425,1.995,1.7012542798525995e+34,18.263671032263968,2.515181409508813
0.0425,1.995,2.0309176209047306e+34,17.815115214935,2.524092814552195
0.0425,1.995,2.4244620170823407e+34,17.368036610957226,2.5259729313637314
0.0425,1.995,2.89426612471674e+34,16.92685539956819,2.5210530039078045
0.0425,1.995,3.4551072945922323e+34,16.489930701325363,2.509648626905634
0.0425,1.995,4.124626382901331e+34,16.061760643205183,2.4921493129452608
0.0425,1.995,4.923882631706752e+34,15.643180078420613,2.469006816204098
0.0425,1.995,5.878016072274876e+34,15.235265276446532,2.440722808981428
0.0425,1.995,7.017038286703837e+34,14.838342713542351,2.4078364569611233
0.0425,1.995,8.376776400682855e+34,14.456894770303068,2.3709123933645473
0.0425,1.995,1e+35,14.08863599673595,2.33052949608655
0.0425,1.995,1.1937766417144454e+35,13.737709718682673,2.287270799990151
0.0425,1.995,1.4251026703029963e+35,13.404823253929942,2.241714746456769
0.0425,1.995,1.7012542798525996e+35,13.08885032214829,2.1944279119127046
0.0425,1.995,2.0309176209047308e+35,12.794209044759326,2.145959241562438
0.0425,1.995,2.4244620170823407e+35,12.518584057239456,2.0968357577832313
0.0425,1.995,2.8942661247167398e+35,12.266338489513355,2.047559645747202
0.0425,1.995,3.455107294592232e+35,12.035414605438412,1.998606567247122
0.0425,1.995,4.124626382901331e+35,11.827218191218604,1.9504250223467314
0.0425,1.995,4.923882631706752e+35,11.644272411662522,1.9034365294427773
0.0425,1.995,5.8780160722748756e+35,11.485856909811567,1.8580363835737683
0.0425,1.995,7.017038286703837e+35,11.351789058067109,1.8145946969279259
0.0425,1.995,8.376776400682855e+35,11.245573319857069,1.7734574173312614
0.0425,1.995,1e+36,11.16479355158733,1.7349469389210186
0.045,1.995,1e+33,25.186150629387736,1.6575589078449176
0.045,1.995,1.1937766417144456e+33,24.86831440225387,1.7415425977291892
0.045,1.995,1.4251026703029963e+33,24.536827605408625,1.8251125565657338
0.045,1.995,1.7012542798525997e+33,24.18895630053354,1.9076295980131432
0.045,1.995,2.0309176209047305e+33,23.827303871421215,1.988421353506824
0.045,1.995,2.4244620170823406e+33,23.449854637532752,2.066793725921555
0.045,1.995,2.89426612471674e+33,23.059880306826653,2.1420441320228303
0.045,1.995,3.455107294592232e+33,22.65809379332346,2.213476164415692
0.045,1.995,4.124626382901331e+33,22.243882397741512,2.280415193702987
0.045,1.995,4.923882631706752e+33,21.817519700641338,2.342224327336159
0.045,1.995,5.878016072274876e+33,21.381853194363597,2.398320066259135
0.045,1.995,7.017038286703836e+33,20.937850459115776,2.4481869837073975
0.045,1.995,8.376776400682855e+33,20.48710070896883,2.4913907485172104
0.045,1.995,1e+34,20.029758558298084,2.5275889020061992
0.045,1.995,1.1937766417144455e+34,19.569903609652222,2.5565388892706573
0.045,1.995,1.4251026703029964e+34,19.107918598386487,2.578103001539714
0.045,1.995,1.7012542798525995e+34,18.64620972798859,2.5922500625471527
0.045,1.995,2.0309176209047306e+34,18.184848676917788,2.599053871153879
0.045,1.995,2.4244620170823407e+34,17.72690086804936,2.5986885909018493
0.045,1.995,2.89426612471674e+34,17.273600645467727,2.59142143207614
0.045,1.995,3.4551072945922323e+34,16.827024012107408,2.577603110200904
0.045,1.995,4.124626382901331e+34,16.38870717847503,2.557656621513456
0.045,1.995,4.923882631706752e+34,15.959871695822281,2.532064952094736
0.045,1.995,5.878016072274876e+34,15.545574215240933,2.5013582993856023
0.045,1.995,7.017038286703837e+34,15.14124707718925,2.466101362314786
0.045,1.995,8.376776400682855e+34,14.753476154991121,2.4268811983617726
0.045,1.995,1e+35,14.379986706158498,2.384296014721293
0.045,1.995,1.1937766417144454e+35,14.025442385350974,2.3389452175908128
0.045,1.995,1.4251026703029963e+35,13.687426078946142,2.291420887921789
0.045,1.995,1.7012542798525996e+35,13.369327279774938,2.24230080220769
0.045,1.995,2.0309176209047308e+35,13.072438022786903,2.19214299751486
0.045,1.995,2.4244620170823407e+35,12.796885814134688,2.1414818277805496
0.045,1.995,2.8942661247167398e+35,12.543770595173667,2.0908253905780847
0.045,1.995,3.455107294592232e+35,12.313922131075792,2.040654170347779
0.045,1.995,4.124626382901331e+35,12.107702451203599,1.9914206748940342
0.045,1.995,4.923882631706752e+35,11.927255663693712,1.9435498462417917
0.045,1.995,5.8780160722748756e+35,11.772541794537421,1.8974399686109238
0.045,1.995,7.017038286703837e+35,11.644633775512245,1.8534637723208327
0.045,1.995,8.376776400682855e+35,11.542778640314026,1.8119693823542669
0.045,1.995,1e+36,11.468220736547762,1.7732807422809218
0.035,2.0,1e+33,24.54942659168352,1.5869043103627503
0.035,2.0,1.1937766417144456e+33,24.249878699113392,1.6691897526046737
0.035,2.0,1.4251026703029963e+33,23.937397919982352,1.7512934972489171
0.035,2.0,1.7012542798525997e+33,23.608535832000282,1.8326004410084846
0.035,2.0,2.0309176209047305e+33,23.266209181090037,1.912459191867751
0.035,2.0,2.4244620170823406e+33,22.90766983698224,1.9901927291893726
0.035,2.0,2.89426612471674e+33,22.536803709579907,2.0651109320241225
0.035,2.0,3.455107294592232e+33,22.15164406801999,2.1365246515879686
0.035,2.0,4.124626382901331e+33,21.7559506363132,2.2037608912182054
0.035,2.0,4.923882631706752e+33,21.347260938389066,2.266178534673394
0.035,2.0,5.878016072274876e+33,20.92890875096778,2.323184003315016
0.035,2.0,7.017038286703836e+33,20.502307230901202,2.3742461569035775
0.035,2.0,8.376776400682855e+33,20.067756449062987,2.418909770761856
0.035,2.0,1e+34,19.627452517916144,2.456806961052957
0.035,2.0,1.1937766417144455e+34,19.182963176115802,2.4876660363948706
0.035,2.0,1.4251026703029964e+34,18.73591743113016,2.5113173800882587
0.035,2.0,1.7012542798525995e+34,18.28685133140326,2.5276961364382484
0.035,2.0,2.0309176209047306e+34,17.838384527497297,2.5368416674836602
0.035,2.0,2.4244620170823407e+34,17.393467101811346,2.538893907129718
0.035,2.0,2.89426612471674e+34,16.951268226879588,2.534086919299644
0.035,2.0,3.4551072945922323e+34,16.516849229217993,2.522740097300251
0.035,2.0,4.124626382901331e+34,16.08808769304508,2.505247529672096
0.035,2.0,4.923882631706752e+34,15.669186848028986,2.4820661333564082
0.035,2.0,5.878016072274876e+34,15.260063723056295,2.453703127468808
0.035,2.0,7.017038286703837e+34,14.866397875344697,2.42070342918399
0.035,2.0,8.376776400682855e+34,14.48386959915832,2.3836374574911
0.035,2.0,1e+35,14.116933257280657,2.3430897862994753
0.035,2.0,1.1937766417144454e+35,13.7659580779499,2.2996489334759613
0.035,2.0,1.4251026703029963e+35,13.431098186616236,2.253898539379733
0.035,2.0,1.7012542798525996e+35,13.116903027655258,2.2064100370458024
0.035,2.0,2.0309176209047308e+35,12.819940243748205,2.1577368459729804
0.035,2.0,2.4244620170823407e+35,12.546851784945828,2.108410079330588
0.035,2.0,2.8942661247167398e+35,12.29380515287934,2.0589356163662633
0.035,2.0,3.455107294592232e+35,12.062848452691833,2.009792439043095
0.035,2.0,4.124626382901331e+35,11.855991641874207,1.9614320006822845
0.035,2.0,4.923882631706752e+35,11.671726077386477,1.914278423108436
0.035,2.0,5.8780160722748756e+35,11.51397189285734,1.8687292712574828
0.035,2.0,7.017038286703837e+35,11.379768668296688,1.825156591642159
0.035,2.0,8.376776400682855e+35,11.274100700980238,1.78390792209539
0.035,2.0,1e+36,11.193457682298458,1.745306880087844
0.0375,2.0,1e+33,25.293142422101567,1.6757625224374826
0.0375,2.0,1.1937766417144456e+33,24.977574939831396,1.7609356942480963
0.0375,2.0,1.4251026703029963e+33,24.647025662715393,1.8456778687143947
0.0375,2.0,1.7012542798525997e+33,24.299766721730414,1.929336543035774
0.0375,2.0,2.0309176209047305e+33,23.939214983895802,2.01122570518859
0.0375,2.0,2.4244620170823406e+33,23.564227556288788,2.0906376514986635
0.0375,2.0,2.89426612471674e+33,23.174461330941135,2.1668566245488114
0.0375,2.0,3.455107294592232e+33,22.769796912081794,2.239173886616982
0.0375,2.0,4.124626382901331e+33,22.356384931117596,2.306903727478811
0.0375,2.0,4.923882631706752e+33,21.92882874672572,2.3693997958714905
0.0375,2.0,5.878016072274876e+33,21.492852319132687,2.4260710867422404
0.0375,2.0,7.017038286703836e+33,21.047485171178486,2.4763968712804285
0.0375,2.0,8.376776400682855e+33,20.596075253796275,2.519939891720374
0.0375,2.0,1e+34,20.137444735079313,2.556357209595353
0.0375,2.0,1.1937766417144455e+34,19.676584505765735,2.5854082083525416
0.0375,2.0,1.4251026703029964e+34,19.211601683231038,2.6069594104408957
0.0375,2.0,1.7012542798525995e+34,18.747506492278774,2.62098595490117
0.0375,2.0,2.0309176209047306e+34,18.28536709079559,2.6275697502876265
0.0375,2.0,2.4244620170823407e+34,17.825706658242016,2.6268945335692186
0.0375,2.0,2.89426612471674e+34,17.36992465515216,2.6192381877180817
0.0375,2.0,3.4551072945922323e+34,16.922396032636097,2.604962826787833
0.0375,2.0,4.124626382901331e+34,16.483161597753778,2.5845032154280614
0.0375,2.0,4.923882631706752e+34,16.054008277362854,2.558354146856799
0.0375,2.0,5.878016072274876e+34,15.636706318347244,2.5270573807265992
0.0375,2.0,7.017038286703837e+34,15.23052090763261,2.4911887018614216
0.0375,2.0,8.376776400682855e+34,14.841339539196666,2.4513455982775394
0.0375,2.0,1e+35,14.467886474000396,2.4081359316562714
0.0375,2.0,1.1937766417144454e+35,14.111018934189401,2.362167911545381
0.0375,2.0,1.4251026703029963e+35,13.77425609863366,2.3140415573648214
0.0375,2.0,1.7012542798525996e+35,13.456237234052988,2.2643417211163293
0.0375,2.0,2.0309176209047308e+35,13.157778469558592,2.213632700619898
0.0375,2.0,2.4244620170823407e+35,12.882008732248972,2.1624543594486862
0.0375,2.0,2.8942661247167398e+35,12.62871046356964,2.111319631696899
0.0375,2.0,3.455107294592232e+35,12.399154706614988,2.060713233215636
0.0375,2.0,4.124626382901331e+35,12.195058938268858,2.0110913809395576
0.0375,2.0,4.923882631706752e+35,12.015291144016706,1.9628822573674944
0.0375,2.0,5.8780160722748756e+35,11.8597791395965,1.916486956688433
0.0375,2.0,7.017038286703837e+35,11.734112035104062,1.8722805945233956
0.0375,2.0,8.376776400682855e+35,11.634025440213366,1.8306132238683448
0.0375,2.0,1e+36,11.559809399247557,1.7918101759242346
0.04,2.0,1e+33,26.006374747094586,1.7627834776718614
0.04,2.0,1.1937766417144456e+33,25.674808952321392,1.8506631665891835
0.04,2.0,1.4251026703029963e+33,25.326941428151812,1.9378568632961284
0.04,2.0,1.7012542798525997e+33,24.964024231289237,2.0236767724947162
0.04,2.0,2.0309176209047305e+33,24.58562200718818,2.1074047017385187
0.04,2.0,2.4244620170823406e+33,24.189986086648794,2.1883049877064202
0.04,2.0,2.89426612471674e+33,23.784287237053405,2.2656391757182166
0.04,2.0,3.455107294592232e+33,23.363048469457684,2.338682003089662
0.04,2.0,4.124626382901331e+33,22.929212394275883,2.4067381333122477
0.04,2.0,4.923882631706752e+33,22.48588471818076,2.4691589759814647
0.04,2.0,5.878016072274876e+33,22.02981454184125,2.5253588832454925
0.04,2.0,7.017038286703836e+33,21.56818038604209,2.574829998725852
0.04,2.0,8.376776400682855e+33,21.0987514634133,2.617155066525899
0.04,2.0,1e+34,20.625192686513998,2.652017618025979
0.04,2.0,1.1937766417144455e+34,20.146880445564946,2.679209068467894
0.04,2.0,1.4251026703029964e+34,19.667188725525243,2.6986324443291205
0.04,2.0,1.7012542798525995e+34,19.18779407765091,2.710302644370819
0.04,2.0,2.0309176209047306e+34,18.709786757264858,2.7143433342196475
0.04,2.0,2.4244620170823407e+34,18.237630926004012,2.710980759208599
0.04,2.0,2.89426612471674e+34,17.76979225781142,2.7005349022124134
0.04,2.0,3.4551072945922323e+34,17.309779856794254,2.6834085491092057
0.04,2.0,4.124626382901331e+34,16.859762040726984,2.660074859894794
0.04,2.0,4.923882631706752e+34,16.41995794259019,2.6310640965000047
0.04,2.0,5.878016072274876e+34,15.995525347713354,2.5969501159856367
0.04,2.0,7.017038286703837e+34,15.582654962811695,2.5583371796945737
0.04,2.0,8.376776400682855e+34,15.186672203648955,2.5158475644842433
0.04,2.0,1e+35,14.80683762950824,2.4701103189130262
0.04,2.0,1.1937766417144454e+35,14.445701092163526,2.421751455172885
0.04,2.0,1.4251026703029963e+35,14.103663411204716,2.3713857086238
0.04,2.0,1.7012542798525996e+35,13.782204977033405,2.3196099386114355
0.04,2.0,2.0309176209047308e+35,13.483305678314247,2.2669981401778454
0.04,2.0,2.4244620170823407e+35,13.206850001697015,2.2140979754942505
0.04,2.0,2.8942661247167398e+35,12.954461159397939,2.1614286742558106
0.04,2.0,3.455107294592232e+35,12.72677509499494,2.1094801134738916
0.04,2.0,4.124626382901331e+35,12.52409252566453,2.0587128315552756
0.04,2.0,4.923882631706752e+35,12.347518892065096,2.0095587321180863
0.04,2.0,5.8780160722748756e+35,12.198445036857446,1.962422154928651
0.04,2.0,7.017038286703837e+35,12.07742708467105,1.9176809982337215
0.04,2.0,8.376776400682855e+35,11.985081372510672,1.875687496312714
0.04,2.0,1e+36,11.919475575234532,1.8367682407490555
0.0425,2.0,1e+33,26.689795480536457,1.8480776019513077
0.0425,2.0,1.1937766417144456e+33,26.344115268122785,1.9384972515216827
0.0425,2.0,1.4251026703029963e+33,25.97954411408822,2.0279714059125125
0.0425,2.0,1.7012542798525997e+33,25.599646520116092,2.1157790046377247
0.0425,2.0,2.0309176209047305e+33,25.20503619165053,2.2011719892379125
0.0425,2.0,2.4244620170823406e+33,24.79422108673203,2.2833892886800484
0.0425,2.0,2.89426612471674e+33,24.36844594825329,2.361672468858826
0.0425,2.0,3.455107294592232e+33,23.929945755271433,2.4352825435647043
0.0425,2.0,4.124626382901331e+33,23.479320727032984,2.503517333996154
0.0425,2.0,4.923882631706752e+33,23.017813914262508,2.565728670756569
0.0425,2.0,5.878016072274876e+33,22.546892924605533,2.62133869641053
0.0425,2.0,7.017038286703836e+33,22.067277205085826,2.6698545272856165
0.0425,2.0,8.376776400682855e+33,21.580301533127606,2.7108805951342734
0.0425,2.0,1e+34,21.089816680032513,2.744128101809336
0.0425,2.0,1.1937766417144455e+34,20.59750704488528,2.769421168121478
0.0425,2.0,1.4251026703029964e+34,20.1036319846049,2.786699453582711
0.0425,2.0,1.7012542798525995e+34,19.609460406776307,2.7960172183860643
0.0425,2.0,2.0309176209047306e+34,19.11891593781425,2.7975389914169715
0.0425,2.0,2.4244620170823407e+34,18.633834253734392,2.7915321994445894
0.0425,2.0,2.89426612471674e+34,18.15482903250449,2.778357248040745
0.0425,2.0,3.4551072945922323e+34,17.68401096380045,2.758455646387955
0.0425,2.0,4.124626382901331e+34,17.22348826583241,2.732336828405086
0.0425,2.0,4.923882631706752e+34,16.775372378635687,2.700564318379977
0.0425,2.0,5.878016072274876e+34,16.339538753119623,2.6637418587332014
0.0425,2.0,7.017038286703837e+34,15.919881394603637,2.6225000501013738
0.0425,2.0,8.376776400682855e+34,15.517250100859464,2.5774839438444466
0.0425,2.0,1e+35,15.132286542346119,2.529341935815317
0.0425,2.0,1.1937766417144454e+35,14.766883950977588,2.4787161990070965
0.0425,2.0,1.4251026703029963e+35,14.42078856301276,2.426234759688786
0.0425,2.0,1.7012542798525996e+35,14.098028437533,2.372505279118217
0.0425,2.0,2.0309176209047308e+35,13.797593930220094,2.318110453055409
0.0425,2.0,2.4244620170823407e+35,13.519842450400496,2.2636049457863834
0.0425,2.0,2.8942661247167398e+35,13.268933258044576,2.2095136656311363
0.0425,2.0,3.455107294592232e+35,13.043596416922117,2.1563311700375856
0.0425,2.0,4.124626382901331e+35,12.844364374678394,2.104521962030266
0.0425,2.0,4.923882631706752e+35,12.671599665204598,2.0545213765643546
0.0425,2.0,5.8780160722748756e+35,12.527931322421214,2.0067367493796513
0.0425,2.0,7.017038286703837e+35,12.413404623405235,1.961548491702186
0.0425,2.0,8.376776400682855e+35,12.327186530891565,1.919310683109782
0.0425,2.0,1e+36,12.269759296044334,1.8803507109136028
0.045,2.0,1e+33,27.349910195811795,1.931743619795611
0.045,2.0,1.1937766417144456e+33,26.98818579858652,2.0245495675658924
0.045,2.0,1.4251026703029963e+33,26.608465998974964,2.116147004827821
0.045,2.0,1.7012542798525997e+33,26.21268769805051,2.205783550178597
0.045,2.0,2.0309176209047305e+33,25.799901289127195,2.29268347291516
0.045,2.0,2.4244620170823406e+33,25.37324259486163,2.376062684055652
0.045,2.0,2.89426612471674e+33,24.92984362151044,2.4551452876759097
0.045,2.0,3.455107294592232e+33,24.47653637063252,2.529181136557448
0.045,2.0,4.124626382901331e+33,24.008019529997465,2.5974637228031847
0.045,2.0,4.923882631706752e+33,23.529450718635314,2.6593476671434186
0.045,2.0,5.878016072274876e+33,23.041741779066218,2.714265028898172
0.045,2.0,7.017038286703836e+33,22.546803660732895,2.761739695163274
0.045,2.0,8.376776400682855e+33,22.04537475195875,2.801399176759887
0.045,2.0,1e+34,21.538545451576343,2.832983279500741
0.045,2.0,1.1937766417144455e+34,21.02975568114654,2.856349274813761
0.045,2.0,1.4251026703029964e+34,20.521794095726207,2.871473407131697
0.045,2.0,1.7012542798525995e+34,20.015697178402714,2.8784487722385155
0.045,2.0,2.0309176209047306e+34,19.510689637902566,2.877479802995719
0.045,2.0,2.4244620170823407e+34,19.014131688361626,2.868873781233547
0.045,2.0,2.89426612471674e+34,18.523566090142857,2.8530299052485595
0.045,2.0,3.4551072945922323e+34,18.041928031239866,2.830426567920077
0.045,2.0,4.124626382901331e+34,17.571980584576387,2.8016075035362173
0.045,2.0,4.923882631706752e+34,17.11572593171666,2.7671674743295913
0.045,2.0,5.878016072274876e+34,16.672569147631446,2.7277381072791647
0.045,2.0,7.017038286703837e+34,16.24683293659204,2.683974421545155
0.045,2.0,8.376776400682855e+34,15.837198258846371,2.636542455124414
0.045,2.0,1e+35,15.447302432325783,2.586108332833439
0.045,2.0,1.1937766417144454e+35,15.077656174403518,2.5333289530620613
0.045,2.0,1.4251026703029963e+35,14.729447810939206,2.4788444051049665
0.045,2.0,1.7012542798525996e+35,14.405181181297639,2.4232721147942295
0.045,2.0,2.0309176209047308e+35,14.103460300243288,2.3672026376685813
0.045,2.0,2.4244620170823407e+35,13.82685444643129,2.311196971458091
0.045,2.0,2.8942661247167398e+35,13.576719467508097,2.255785179496529
0.045,2.0,3.455107294592232e+35,13.351969840693418,2.201466108672517
0.045,2.0,4.124626382901331e+35,13.156762988719167,2.148707924078315
0.045,2.0,4.923882631706752e+35,12.98810618075999,2.097949146991006
0.045,2.0,5.8780160722748756e+35,12.849500153282783,2.0495998761516474
0.045,2.0,7.017038286703837e+35,12.739862098010693,2.004042778936456
0.045,2.0,8.376776400682855e+35,12.662541193474773,1.9616334359990648
0.045,2.0,1e+36,12.614543082787849,1.9226995582539235
0.035,2.005,1e+33,26.665094221174485,1.8505105186087263
0.035,2.005,1.1937766417144456e+33,26.321830953075786,1.9416657589256456
0.035,2.005,1.4251026703029963e+33,25.963151197178938,2.0319022423086315
0.035,2.005,1.7012542798525997e+33,25.58728749083619,2.120491200346783
0.035,2.005,2.0309176209047305e+33,25.196574816201178,2.2066760458264447
0.035,2.005,2.4244620170823406e+33,24.78861795161193,2.289686557917645
0.035,2.005,2.89426612471674e+33,24.367356740394495,2.3687547723541815
0.035,2.005,3.455107294592232e+33,23.932270261860996,2.443132065097318
0.035,2.005,4.124626382901331e+33,23.48525825029605,2.5121068050978645
0.035,2.005,4.923882631706752e+33,23.026410634739673,2.575021851756883
0.035,2.005,5.878016072274876e+33,22.556942624013185,2.6312911432031547
0.035,2.005,7.017038286703836e+33,22.07928898601994,2.68041461387774
0.035,2.005,8.376776400682855e+33,21.596553444734788,2.7219907503036813
0.035,2.005,1e+34,21.107066907214282,2.755726200863171
0.035,2.005,1.1937766417144455e+34,20.61588024011236,2.7814420247992535
0.035,2.005,1.4251026703029964e+34,20.12201171223617,2.7990763390344284
0.035,2.005,1.7012542798525995e+34,19.62949222433929,2.8086833457703935
0.035,2.005,2.0309176209047306e+34,19.13986733473876,2.810428906203222
0.035,2.005,2.4244620170823407e+34,18.65597527719532,2.8045830303791797
0.035,2.005,2.89426612471674e+34,18.17692792813151,2.7915097757053355
0.035,2.005,3.4551072945922323e+34,17.706876989869933,2.7716551746501525
0.035,2.005,4.124626382901331e+34,17.246911388711663,2.7455338413189163
0.035,2.005,4.923882631706752e+34,16.798442871941766,2.713714929793203
0.035,2.005,5.878016072274876e+34,16.364814082954958,2.6768080687019102
0.035,2.005,7.017038286703837e+34,15.945531224519497,2.635449822698151
0.035,2.005,8.376776400682855e+34,15.541904339086335,2.5902911390469825
0.035,2.005,1e+35,15.157256783187652,2.541986126586598
0.035,2.005,1.1937766417144454e+35,14.791363607150696,2.491182385254054
0.035,2.005,1.4251026703029963e+35,14.446978221576991,2.43851303614979
0.035,2.005,1.7012542798525996e+35,14.124113107495788,2.38459044457538
0.035,2.005,2.0309176209047308e+35,13.823604072011321,2.3300016180013654
0.035,2.005,2.4244620170823407e+35,13.546886758199847,2.2753051256748607
0.035,2.005,2.8942661247167398e+35,13.295691987530416,2.221029380668701
0.035,2.005,3.455107294592232e+35,13.068781587606093,2.167672063783343
0.035,2.005,4.124626382901331e+35,12.869468453667777,2.115700427419448
0.035,2.005,4.923882631706752e+35,12.697827900401501,2.0655521941547628
0.035,2.005,5.8780160722748756e+35,12.554939362733757,2.017636721884145
0.035,2.005,7.017038286703837e+35,12.439054932199552,1.9723360741157991
0.035,2.005,8.376776400682855e+35,12.354007927485071,1.9300055791628679
0.035,2.005,1e+36,12.297079969678594,1.8909734305760706
0.0375,2.005,1e+33,27.45992290303738,1.9517620368023698
0.0375,2.005,1.1937766417144456e+33,27.09886841224605,2.045819077774445
0.0375,2.005,1.4251026703029963e+33,26.719782104188717,2.1386372225658246
0.0375,2.005,1.7012542798525997e+33,26.32648826686783,2.229449483497081
0.0375,2.005,2.0309176209047305e+33,25.914864755240092,2.317465534515309
0.0375,2.005,2.4244620170823406e+33,25.487200840174328,2.4018871309588548
0.0375,2.005,2.89426612471674e+33,25.046148899158908,2.4819251021169118
0.0375,2.005,3.455107294592232e+33,24.58954700262392,2.5568173433338566
0.0375,2.005,4.124626382901331e+33,24.121580048704047,2.625847114949772
0.0375,2.005,4.923882631706752e+33,23.642984044667998,2.6883608806319215
0.0375,2.005,5.878016072274876e+33,23.15456715838523,2.7437848945074026
0.0375,2.005,7.017038286703836e+33,22.657257765866472,2.791639772532293
0.0375,2.005,8.376776400682855e+33,22.15495551788589,2.831552368603496
0.0375,2.005,1e+34,21.64709037557984,2.8632644140673995
0.0375,2.005,1.1937766417144455e+34,21.13727795813993,2.8866375553749744
0.0375,2.005,1.4251026703029964e+34,20.627144672235982,2.9016546342969023
0.0375,2.005,1.7012542798525995e+34,20.11824307659751,2.908417262731203
0.0375,2.005,2.0309176209047306e+34,19.613817206607656,2.9071399528010384
0.0375,2.005,2.4244620170823407e+34,19.11437585147987,2.8981412352406233
0.0375,2.005,2.89426612471674e+34,18.62137335383852,2.8818323355463584
0.0375,2.005,3.4551072945922323e+34,18.138841750211647,2.858704068915597
0.0375,2.005,4.124626382901331e+34,17.667593703079003,2.8293126362914838
0.0375,2.005,4.923882631706752e+34,17.20896233654007,2.7942650112293883
0.0375,2.005,5.878016072274876e+34,16.766245622635918,2.754204532384062
0.0375,2.005,7.017038286703837e+34,16.337787544274818,2.709797235288922
0.0375,2.005,8.376776400682855e+34,15.927960849139295,2.661719361430244
0.0375,2.005,1e+35,15.537436293925147,2.6106463435031206
0.0375,2.005,1.1937766417144454e+35,15.167319802783368,2.5572434712057857
0.0375,2.005,1.4251026703029963e+35,14.818664378678854,2.5021583219405534
0.0375,2.005,1.7012542798525996e+35,14.493899696872697,2.446014950736412
0.0375,2.005,2.0309176209047308e+35,14.191800244412532,2.3894097516261423
0.0375,2.005,2.4244620170823407e+35,13.916429851578332,2.3329088454874163
0.0375,2.005,2.8942661247167398e+35,13.666154440894662,2.2770467840531516
0.0375,2.005,3.455107294592232e+35,13.44212354144283,2.2223263437115097
0.0375,2.005,4.124626382901331e+35,13.246998381958223,2.169219116412565
0.0375,2.005,4.923882631706752e+35,13.07991003289223,2.1181665838511625
0.0375,2.005,5.8780160722748756e+35,12.943375301428818,2.0695813401176704
0.0375,2.005,7.017038286703837e+35,12.83650425840363,2.0238480404851855
0.0375,2.005,8.376776400682855e+35,12.758392955138232,1.981323654901888
0.0375,2.005,1e+36,12.711563867199427,1.942336539730842
0.04,2.005,1e+33,28.223527156965602,2.050760967967061
0.04,2.005,1.1937766417144456e+33,27.84430819616407,2.1475126361488557
0.04,2.005,1.4251026703029963e+33,27.44693047220995,2.2427015366128744
0.04,2.005,1.7012542798525997e+33,27.03270314321349,2.335525200631618
0.04,2.005,2.0309176209047305e+33,26.601270449425886,2.4251626133787525
0.04,2.005,2.4244620170823406e+33,26.155845847340515,2.5107907847989144
0.04,2.005,2.89426612471674e+33,25.694132028332422,2.5916027468218212
0.04,2.005,3.455107294592232e+33,25.218214216091255,2.666826336148967
0.04,2.005,4.124626382901331e+33,24.72977744007689,2.7357430099112934
0.04,2.005,4.923882631706752e+33,24.232264121381686,2.7977058938823554
0.04,2.005,5.878016072274876e+33,23.725012004694225,2.852156242886366
0.04,2.005,7.017038286703836e+33,23.20863093163518,2.8986375528740562
0.04,2.005,8.376776400682855e+33,22.687582538359674,2.936806669760041
0.04,2.005,1e+34,22.162905989273906,2.9664413935025937
0.04,2.005,1.1937766417144455e+34,21.63672805137712,2.9874442830631045
0.04,2.005,1.4251026703029964e+34,21.109115164944487,2.9998425693627744
0.04,2.005,1.7012542798525995e+34,20.586027818225062,3.0037843248984877
0.04,2.005,2.0309176209047306e+34,20.06632548660094,2.999531209973124
0.04,2.005,2.4244620170823407e+34,19.55228781853387,2.987448315771881
0.04,2.005,2.89426612471674e+34,19.047409172616995,2.967991723747016
0.04,2.005,3.4551072945922323e+34,18.55339772719565,2.941694473875761
0.04,2.005,4.124626382901331e+34,18.069797861585112,2.9091516718101147
0.04,2.005,4.923882631706752e+34,17.603045014546836,2.871005401039786
0.04,2.005,5.878016072274876e+34,17.149819200022932,2.827930064638257
0.04,2.005,7.017038286703837e+34,16.71616709562931,2.780618669230747
0.04,2.005,8.376776400682855e+34,16.29894895843043,2.72977044364374
0.04,2.005,1e+35,15.903811798292143,2.6760800826871
0.04,2.005,1.1937766417144454e+35,15.52884885591711,2.620228759855573
0.04,2.005,1.4251026703029963e+35,15.17767348849898,2.5628769763810775
0.04,2.005,1.7012542798525996e+35,14.849758003155866,2.504659200552173
0.04,2.005,2.0309176209047308e+35,14.548314685948869,2.446180189034174
0.04,2.005,2.4244620170823407e+35,14.2731035868251,2.3880128042624365
0.04,2.005,2.8942661247167398e+35,14.02507563464709,2.3306971211428023
0.04,2.005,3.455107294592232e+35,13.804904812161647,2.274740540283461
0.04,2.005,4.124626382901331e+35,13.613667382731723,2.220618623825045
0.04,2.005,4.923882631706752e+35,13.452059008175034,2.168776304192536
0.04,2.005,5.8780160722748756e+35,13.320814059785912,2.1196290909078854
0.04,2.005,7.017038286703837e+35,13.221892767570656,2.0735638483218586
0.04,2.005,8.376776400682855e+35,13.154347813000191,2.0309386723225535
0.04,2.005,1e+36,13.116969859594805,1.9920813590979136
0.0425,2.005,1e+33,28.956794075319664,2.147648023319979
0.0425,2.005,1.1937766417144456e+33,28.55875667741547,2.2469048209090694
0.0425,2.005,1.4251026703029963e+33,28.14429866145805,2.3442724590148907
0.0425,2.005,1.7012542798525997e+33,27.709816254898854,2.438915583572894
0.0425,2.005,2.0309176209047305e+33,27.259941680688488,2.5299853421148097
0.0425,2.005,2.4244620170823406e+33,26.79646418458342,2.616637029493534
0.0425,2.005,2.89426612471674e+33,26.31584070829068,2.6980489914972634
0.0425,2.005,3.455107294592232e+33,25.819782028844433,2.773442085707589
0.0425,2.005,4.124626382901331e+33,25.314901512118222,2.842098899478114
0.0425,2.005,4.923882631706752e+33,24.79706374002413,2.903381884325642
0.0425,2.005,5.878016072274876e+33,24.269753102765726,2.9567495820280585
0.0425,2.005,7.017038286703836e+33,23.737195291604596,3.0017701837295405
0.0425,2.005,8.376776400682855e+33,23.198231146169245,3.0381317940720374
0.0425,2.005,1e+34,22.656820155269727,3.065648961461576
0.0425,2.005,1.1937766417144455e+34,22.113939233411465,3.084265229327369
0.0425,2.005,1.4251026703029964e+34,21.569996497874577,3.0940517082780135
0.0425,2.005,1.7012542798525995e+34,21.0327158132892,3.0952018760937388
0.0425,2.005,2.0309176209047306e+34,20.49867729017007,3.088023018334726
0.0425,2.005,2.4244620170823407e+34,19.97292190152034,3.07292488001444
0.0425,2.005,2.89426612471674e+34,19.45666645351875,3.0504062050598764
0.0425,2.005,3.4551072945922323e+34,18.949850659601708,3.0210398879830187
0.0425,2.005,4.124626382901331e+34,18.45801967719647,2.9854574836734478
0.0425,2.005,4.923882631706752e+34,17.979862032255166,2.9443337373904974
0.0425,2.005,5.878016072274876e+34,17.519772094095796,2.8983717597492866
0.0425,2.005,7.017038286703837e+34,17.0786320094796,2.848289315381918
0.0425,2.005,8.376776400682855e+34,16.65704793760994,2.7948066088111716
0.0425,2.005,1e+35,16.25679531966469,2.7386358055001665
0.0425,2.005,1.1937766417144454e+35,15.878366331861589,2.680472414541118
0.0425,2.005,1.4251026703029963e+35,15.525531456559492,2.6209885559833
0.0425,2.005,1.7012542798525996e+35,15.196796228824173,2.5608280410167628
0.0425,2.005,2.0309176209047308e+35,14.89474913193039,2.5006031295208238
0.0425,2.005,2.4244620170823407e+35,14.619153576275917,2.440892763327361
0.0425,2.005,2.8942661247167398e+35,14.373676578016012,2.382242028332802
0.0425,2.005,3.455107294592232e+35,14.156820678322738,2.325162563976348
0.0425,2.005,4.124626382901331e+35,13.969699544136045,2.270133593575955
0.0425,2.005,4.923882631706752e+35,13.815324949845843,2.217603220250629
0.0425,2.005,5.8780160722748756e+35,13.68980810244336,2.167989566389611
0.0425,2.005,7.017038286703837e+35,13.5990225231645,2.121681321316274
0.0425,2.005,8.376776400682855e+35,13.539648661169778,2.0790371747986103
0.0425,2.005,1e+36,13.513010689340438,2.0403836279775267
0.045,2.005,1e+33,29.662340186231546,2.2425486805307155
0.045,2.005,1.1937766417144456e+33,29.247531505204574,2.344136595196906
0.045,2.005,1.4251026703029963e+33,28.81518053635712,2.4435074363291664
0.045,2.005,1.7012542798525997e+33,28.364069837787614,2.539795420543673
0.045,2.005,2.0309176209047305e+33,27.896349701342064,2.63212652595371
0.045,2.005,2.4244620170823406e+33,27.409996295916827,2.7196371333932694
0.045,2.005,2.89426612471674e+33,26.912386171034573,2.8014937456881164
0.045,2.005,3.455107294592232e+33,26.39927105064283,2.8769130194122097
0.045,2.005,4.124626382901331e+33,25.875368986781115,2.945181275853871
0.045,2.005,4.923882631706752e+33,25.338995639297863,3.005672618718275
0.045,2.005,5.878016072274876e+33,24.79596000486869,3.057864826423134
0.045,2.005,7.017038286703836e+33,24.245019617703058,3.1013522748403224
0.045,2.005,8.376776400682855e+33,23.68856444501665,3.1358553064465067
0.045,2.005,1e+34,23.12975211917939,3.1612256475464373
0.045,2.005,1.1937766417144455e+34,22.57188711517058,3.177447710020099
0.045,2.005,1.4251026703029964e+34,22.015915230406975,3.184635840499884
0.045,2.005,1.7012542798525995e+34,21.46224480832608,3.1830278049537806
0.045,2.005,2.0309176209047306e+34,20.916218192429753,3.1729749951511725
0.045,2.005,2.4244620170823407e+34,20.377014621483042,3.154929969359555
0.045,2.005,2.89426612471674e+34,19.848450370142523,3.1294320664932394
0.045,2.005,3.4551072945922323e+34,19.333101522435037,3.0970918357886026
0.045,2.005,4.124626382901331e+34,18.82990931412259,3.0585750317195464
0.045,2.005,4.923882631706752e+34,18.346512609258344,3.0145868517079073
0.045,2.005,5.878016072274876e+34,17.877873621190876,2.9658569966744226
0.045,2.005,7.017038286703837e+34,17.42949123245935,2.913126030339591
0.045,2.005,8.376776400682855e+34,17.00280579907517,2.857133361144581
0.045,2.005,1e+35,16.597743260781872,2.7986070676061447
0.045,2.005,1.1937766417144454e+35,16.217063924991916,2.7382556566360057
0.045,2.005,1.4251026703029963e+35,15.859902317202392,2.6767617482128476
0.045,2.005,1.7012542798525996e+35,15.531391320939091,2.6147775886968767
0.045,2.005,2.0309176209047308e+35,15.22954491294356,2.5529222233801803
0.045,2.005,2.4244620170823407e+35,14.956845057940308,2.4917801159468413
0.045,2.005,2.8942661247167398e+35,14.713190063758503,2.4319009411507095
0.045,2.005,3.455107294592232e+35,14.499467894511696,2.3738002524057884
0.045,2.005,4.124626382901331e+35,14.31796431773426,2.3179606687066143
0.045,2.005,4.923882631706752e+35,14.168426201866692,2.2648332043838435
0.045,2.005,5.8780160722748756e+35,14.051729955112334,2.2148383021492597
0.045,2.005,7.017038286703837e+35,13.968154644964002,2.1683660845660575
0.045,2.005,8.376776400682855e+35,13.917812123842209,2.125775294165812
0.045,2.005,1e+36,13.899795026938191,2.087390387796644
0.035,2.01,1e+33,28.921079532745942,2.149636040998699
0.035,2.01,1.1937766417144456e+33,28.529401241980832,2.2496930324658115
0.035,2.01,1.4251026703029963e+33,28.119155015606516,2.3478865984683734
0.035,2.01,1.7012542798525997e+33,27.68996876382097,2.4433724270640957
0.035,2.01,2.0309176209047305e+33,27.24686145528271,2.5352919535184584
0.035,2.01,2.4244620170823406e+33,26.785330523336526,2.622790258433264
0.035,2.01,2.89426612471674e+33,26.30777485569359,2.7050352656576644
0.035,2.01,3.455107294592232e+33,25.817203944656413,2.781237515854931
0.035,2.01,4.124626382901331e+33,25.3144395121398,2.8506697082064045
0.035,2.01,4.923882631706752e+33,24.799244968600295,2.9126851498374537
0.035,2.01,5.878016072274876e+33,24.276741044745584,2.966734266015493
0.035,2.01,7.017038286703836e+33,23.745553061966163,3.012378398801435
0.035,2.01,8.376776400682855e+33,23.208081997463285,3.049300258928809
0.035,2.01,1e+34,22.668070319733978,3.077310568992994
0.035,2.01,1.1937766417144455e+34,22.127012171556586,3.096350663093668
0.035,2.01,1.4251026703029964e+34,21.586767817521096,3.1064910332884
0.035,2.01,1.7012542798525995e+34,21.048518021039293,3.1079260424218274
0.035,2.01,2.0309176209047306e+34,20.516770782946402,3.1009652246952983
0.035,2.01,2.4244620170823407e+34,19.98982184161108,3.0860217515829964
0.035,2.01,2.89426612471674e+34,19.475677081553442,3.0635987646031597
0.035,2.01,3.4551072945922323e+34,18.9698439050644,3.0342743030975603
0.035,2.01,4.124626382901331e+34,18.478348330489048,2.9986855939065094
0.035,2.01,4.923882631706752e+34,18.001737557460416,2.9575133734105417
0.035,2.01,5.878016072274876e+34,17.54191647981266,2.911466874050729
0.035,2.01,7.017038286703837e+34,17.099762352744328,2.8612699523395424
0.035,2.01,8.376776400682855e+34,16.67859208964637,2.8076487439153843
0.035,2.01,1e+35,16.278309924120634,2.7513210819941083
0.035,2.01,1.1937766417144454e+35,15.899807803170017,2.692987808485931
0.035,2.01,1.4251026703029963e+35,15.547304949847154,2.633325994421772
0.035,2.01,1.7012542798525996e+35,15.218677379153783,2.5729839917167614
0.035,2.01,2.0309176209047308e+35,14.917018605557914,2.5125781855592604
0.035,2.01,2.4244620170823407e+35,14.642389353922352,2.4526912243608527
0.035,2.01,2.8942661247167398e+35,14.396791025524289,2.393871496259894
0.035,2.01,3.455107294592232e+35,14.17923655746789,2.3366335413462833
0.035,2.01,4.124626382901331e+35,13.993512733401296,2.281459096896049
0.035,2.01,4.923882631706752e+35,13.837649534112117,2.2287983833594196
0.035,2.01,5.8780160722748756e+35,13.71463111323222,2.1790712373487366
0.035,2.01,7.017038286703837e+35,13.622456151699241,2.132667627691367
0.035,2.01,8.376776400682855e+35,13.563254431748318,2.089947050599236
0.035,2.01,1e+36,13.536318121011432,2.05123627928854
0.0375,2.01,1e+33,29.77245239245085,2.2644279470200557
0.0375,2.01,1.1937766417144456e+33,29.3591595354728,2.367319615323551
0.0375,2.01,1.4251026703029963e+33,28.927643513972413,2.467949031133294
0.0375,2.01,1.7012542798525997e+33,28.477734397393927,2.565434777327242
0.0375,2.01,2.0309176209047305e+33,28.009748038034676,2.658887630641842
0.0375,2.01,2.4244620170823406e+33,27.52695212212425,2.747429680794732
0.0375,2.01,2.89426612471674e+33,27.027654703701874,2.830214517382536
0.0375,2.01,3.455107294592232e+33,26.515496938193557,2.906447703697443
0.0375,2.01,4.124626382901331e+33,25.989099514246984,2.9754066661350422
0.0375,2.01,4.923882631706752e+33,25.453679697763384,3.0364591122508626
0.0375,2.01,5.878016072274876e+33,24.908047959604573,3.089079120861652
0.0375,2.01,7.017038286703836e+33,24.356767204435446,3.1328601533831972
0.0375,2.01,8.376776400682855e+33,23.799131346842355,3.167524392521861
0.0375,2.01,1e+34,23.2395352237422,3.192928020604321
0.0375,2.01,1.1937766417144455e+34,22.679435079384096,3.2090622783875515
0.0375,2.01,1.4251026703029964e+34,22.11995419284236,3.2160503925487505
0.0375,2.01,1.7012542798525995e+34,21.56696827207005,3.2141406821353726
0.0375,2.01,2.0309176209047306e+34,21.018244138863643,3.203696344434972
0.0375,2.01,2.4244620170823407e+34,20.47816276933853,3.185182583199899
0.0375,2.01,2.89426612471674e+34,19.94842753131078,3.159151810543392
0.0375,2.01,3.4551072945922323e+34,19.42997205148295,3.1262277087453256
0.0375,2.01,4.124626382901331e+34,18.92823978494155,3.0870889057226742
0.0375,2.01,4.923882631706752e+34,18.44128334390739,3.0424529465341346
0.0375,2.01,5.878016072274876e+34,17.97331600409642,2.9930611635819475
0.0375,2.01,7.017038286703837e+34,17.524400967877426,2.939664890468077
0.0375,2.01,8.376776400682855e+34,17.09670232942553,2.883013370967068
0.0375,2.01,1e+35,16.689751621031,2.823843554481431
0.0375,2.01,1.1937766417144454e+35,16.308978456299823,2.762871873404605
0.0375,2.01,1.4251026703029963e+35,15.95371700156186,2.700787967854866
0.0375,2.01,1.7012542798525996e+35,15.624437993046108,2.6382502700877835
0.0375,2.01,2.0309176209047308e+35,15.322142455863498,2.575883257765513
0.0375,2.01,2.4244620170823407e+35,15.049018487035537,2.514276156226269
0.0375,2.01,2.8942661247167398e+35,14.80677559124163,2.4539828046083705
0.0375,2.01,3.455107294592232e+35,14.594634473643065,2.3955223797078644
0.0375,2.01,4.124626382901331e+35,14.413927890182054,2.3393806199048353
0.0375,2.01,4.923882631706752e+35,14.266014558800359,2.286011148696463
0.0375,2.01,5.8780160722748756e+35,14.14966185426717,2.2358364578271925
0.0375,2.01,7.017038286703837e+35,14.067847806714823,2.189248060309014
0.0375,2.01,8.376776400682855e+35,14.019032724715295,2.1466052685741595
0.0375,2.01,1e+36,14.00410695281168,2.1082320714995615
0.04,2.01,1e+33,30.587359671706558,2.3764818121011846
0.04,2.01,1.1937766417144456e+33,30.154611014393648,2.481974938481615
0.04,2.01,1.4251026703029963e+33,29.70021985545677,2.5848061636406854
0.04,2.01,1.7012542798525997e+33,29.229871309044096,2.6840603709501587
0.04,2.01,2.0309176209047305e+33,28.74103145077407,2.778821331513605
0.04,2.01,2.4244620170823406e+33,28.236762624144223,2.868191929228073
0.04,2.01,2.89426612471674e+33,27.716541874442843,2.951315207766025
0.04,2.01,3.455107294592232e+33,27.17993409287349,3.027395397754022
0.04,2.01,4.124626382901331e+33,26.635306292435452,3.09571801028676
0.04,2.01,4.923882631706752e+33,26.077473554559138,3.155668080785477
0.04,2.01,5.878016072274876e+33,25.511822569355175,3.206745719253858
0.04,2.01,7.017038286703836e+33,24.939717809433205,3.248578236468778
0.04,2.01,8.376776400682855e+33,24.36440874137955,3.2809283059198773
0.04,2.01,1e+34,23.78645096695567,3.303697848230026
0.04,2.01,1.1937766417144455e+34,23.207618206800245,3.3169275627949393
0.04,2.01,1.4251026703029964e+34,22.63244980542203,3.3207922839922555
0.04,2.01,1.7012542798525995e+34,22.061618886410137,3.315592557822171
0.04,2.01,2.0309176209047306e+34,21.498321426261686,3.301743022441695
0.04,2.01,2.4244620170823407e+34,20.94521204919517,3.279758307442214
0.04,2.01,2.89426612471674e+34,20.40187461463183,3.250237240650563
0.04,2.01,3.4551072945922323e+34,19.873432636101064,3.2138461610193
0.04,2.01,4.124626382901331e+34,19.359332956132274,3.1713020951134046
0.04,2.01,4.923882631706752e+34,18.864117641537348,3.1233564822426727
0.04,2.01,5.878016072274876e+34,18.386924469472238,3.0707800028835766
0.04,2.01,7.017038286703837e+34,17.92976282677998,3.0143489451841954
0.04,2.01,8.376776400682855e+34,17.497176754631017,2.954833408593726
0.04,2.01,1e+35,17.087405202047375,2.892987497099588
0.04,2.01,1.1937766417144454e+35,16.703420739447747,2.8295415658839382
0.04,2.01,1.4251026703029963e+35,16.34604606667059,2.765196452999277
0.04,2.01,1.7012542798525996e+35,16.016135615982922,2.700619561920117
0.04,2.01,2.0309176209047308e+35,15.715146131997832,2.6364425989888027
0.04,2.01,2.4244620170823407e+35,15.44427963831604,2.5732607003274484
0.04,2.01,2.8942661247167398e+35,15.204804993286007,2.511632654137497
0.04,2.01,3.455107294592232e+35,14.996926467711384,2.4520818770653885
0.04,2.01,4.124626382901331e+35,14.82232042589168,2.395097764142216
0.04,2.01,4.923882631706752e+35,14.680497901204859,2.341136987307743
0.04,2.01,5.8780160722748756e+35,14.575565113849727,2.2906242596336703
0.04,2.01,7.017038286703837e+35,14.50281694343752,2.243952044529412
0.04,2.01,8.376776400682855e+35,14.465400789948932,2.2014786552375507
0.04,2.01,1e+36,14.459751241501985,2.1635241804713066
0.0425,2.01,1e+33,31.369867924804396,2.485975211340662
0.0425,2.01,1.1937766417144456e+33,30.916977896981827,2.593857587159689
0.0425,2.01,1.4251026703029963e+33,30.444514249968204,2.698678753506815
0.0425,2.01,1.7012542798525997e+33,29.95222062613396,2.7994930753348086
0.0425,2.01,2.0309176209047305e+33,29.442915471139987,2.8953606895214024
0.0425,2.01,2.4244620170823406e+33,28.916799519933903,2.98536872411867
0.0425,2.01,2.89426612471674e+33,28.37575239172474,3.0686530822879448
0.0425,2.01,3.455107294592232e+33,27.81950498897952,3.1444198903641727
0.0425,2.01,4.124626382901331e+33,27.252861930934593,3.2119656616521546
0.0425,2.01,4.923882631706752e+33,26.676192412296476,3.2706952490932815
0.0425,2.01,5.878016072274876e+33,26.089823085954457,3.3201367466537506
0.0425,2.01,7.017038286703836e+33,25.498775727766827,3.359952654966344
0.0425,2.01,8.376776400682855e+33,24.904973572302705,3.3899468203406316
0.0425,2.01,1e+34,24.308147004772476,3.4100669138543114
0.0425,2.01,1.1937766417144455e+34,23.71391264364368,3.4204024580516506
0.0425,2.01,1.4251026703029964e+34,23.12182902759094,3.4211786648846547
0.0425,2.01,1.7012542798525995e+34,22.5367698191941,3.412746565183823
0.0425,2.01,2.0309176209047306e+34,21.958616482413564,3.395570079361032
0.0425,2.01,2.4244620170823407e+34,21.391330521717666,3.3702108064238345
0.0425,2.01,2.89426612471674e+34,20.83722354910164,3.3373113438760442
0.0425,2.01,3.4551072945922323e+34,20.297317671724027,3.2975779585530747
0.0425,2.01,4.124626382901331e+34,19.774745334629376,3.2517633735134286
0.0425,2.01,4.923882631706752e+34,19.26919079895219,3.2006503212665844
0.0425,2.01,5.878016072274876e+34,18.785950505376498,3.1450364058518696
0.0425,2.01,7.017038286703837e+34,18.32326207035495,3.0857206660003125
0.0425,2.01,8.376776400682855e+34,17.884958135342416,3.0234921047101677
0.0425,2.01,1e+35,17.469779173518088,2.9591202986204057
0.0425,2.01,1.1937766417144454e+35,17.084419768091927,2.8933481143359594
0.0425,2.01,1.4251026703029963e+35,16.725474461937345,2.826886427772347
0.0425,2.01,1.7012542798525996e+35,16.39551652671115,2.760410694726935
0.0425,2.01,2.0309176209047308e+35,16.09591217409669,2.694559134460184
0.0425,2.01,2.4244620170823407e+35,15.82704178928372,2.6299322495056323
0.0425,2.01,2.8942661247167398e+35,15.58990422151517,2.5670933594516385
0.0425,2.01,3.455107294592232e+35,15.388624605903646,2.5065697856922493
0.0425,2.01,4.124626382901331e+35,15.219770855508004,2.448854271922886
0.0425,2.01,4.923882631706752e+35,15.087497312331218,2.3944061973548316
0.0425,2.01,5.8780160722748756e+35,14.989378500932133,2.343652056058364
0.0425,2.01,7.017038286703837e+35,14.92726700071649,2.296984663618324
0.0425,2.01,8.376776400682855e+35,14.899754379469602,2.2547604958049687
0.0425,2.01,1e+36,14.90736432905228,2.217294627153314
0.045,2.01,1e+33,32.12427926119943,2.5930660833771584
0.045,2.01,1.1937766417144456e+33,31.64979262906986,2.7031438220606128
0.045,2.01,1.4251026703029963e+33,31.15795036448385,2.809762315384865
0.045,2.01,1.7012542798525997e+33,30.64676093994389,2.911948382418647
0.045,2.01,2.0309176209047305e+33,30.116816391537096,3.0087416385035324
0.045,2.01,2.4244620170823406e+33,29.56972865123013,3.099216604481869
0.045,2.01,2.89426612471674e+33,29.008146956766986,3.182505110164487
0.045,2.01,3.455107294592232e+33,28.4334412229878,3.257818040635674
0.045,2.01,4.124626382901331e+33,27.846937836032108,3.3244654545593564
0.045,2.01,4.923882631706752e+33,27.24912949344049,3.3818741353764543
0.045,2.01,5.878016072274876e+33,26.64595116157146,3.4296017625435495
0.045,2.01,7.017038286703836e+33,26.03648143992006,3.4673470479651285
0.045,2.01,8.376776400682855e+33,25.42362432099556,3.494955425512982
0.045,2.01,1e+34,24.80988301803524,3.5124201231403442
0.045,2.01,1.1937766417144455e+34,24.19884367323538,3.5198787147992103
0.045,2.01,1.4251026703029964e+34,23.59240701407189,3.5176054988943504
0.045,2.01,1.7012542798525995e+34,22.99236971984364,3.506000260880337
0.045,2.01,2.0309176209047306e+34,22.399987326887327,3.485574132106652
0.045,2.01,2.4244620170823407e+34,21.821663761906,3.4569333657196886
0.045,2.01,2.89426612471674e+34,21.25688388806494,3.420761876285786
0.045,2.01,3.4551072945922323e+34,20.706767066262167,3.377803369744945
0.045,2.01,4.124626382901331e+34,20.17411877895997,3.3288438207601954
0.045,2.01,4.923882631706752e+34,19.65982248528566,3.2746949308180855
0.045,2.01,5.878016072274876e+34,19.169525027391806,3.216179077386299
0.045,2.01,7.017038286703837e+34,18.70166901136645,3.1541161150700674
0.045,2.01,8.376776400682855e+34,18.25855395644102,3.089312252409556
0.045,2.01,1e+35,17.841832703340327,3.022551087013802
0.045,2.01,1.1937766417144454e+35,17.453276689937862,2.95458678702132
0.045,2.01,1.4251026703029963e+35,17.09332981374004,2.8861392878252308
0.045,2.01,1.7012542798525996e+35,16.763849141804037,2.817891323385161
0.045,2.01,2.0309176209047308e+35,16.466131245728487,2.7504870300850226
0.045,2.01,2.4244620170823407e+35,16.199681830450753,2.6845318235158087
0.045,2.01,2.8942661247167398e+35,15.968181221094856,2.620593206692263
0.045,2.01,3.455107294592232e+35,15.769989186953152,2.5592021099581364
0.045,2.01,4.124626382901331e+35,15.609575817905537,2.5008543434177515
0.045,2.01,4.923882631706752e+35,15.485099852960873,2.4460116576873294
0.045,2.01,5.8780160722748756e+35,15.396182815716454,2.3951018862868763
0.045,2.01,7.017038286703837e+35,15.343104240649788,2.3485175781267076
0.045,2.01,8.376776400682855e+35,15.326770424547046,2.306612531093497
0.045,2.01,1e+36,15.345644892417141,2.2696956864088236
