K,Gamma,Max_Mass_Msun,Radius_at_Max_Mass_km,Pc_at_Max_Mass_Pa,Surface_Reached
0.035,1.99,2.065678249344997,14.333961599506898,3.4551072945922323e+34,YES
0.0375,1.99,2.1383939105007754,14.692900142929897,3.4551072945922323e+34,YES
0.04,1.99,2.209675579215594,15.427134301517615,2.89426612471674e+34,YES
0.0425,1.99,2.278439507610663,15.767007538089679,2.89426612471674e+34,YES
0.045,1.99,2.344538217222979,16.09376662304197,2.89426612471674e+34,YES
0.035,1.995,2.291277561756935,15.795463896360639,2.89426612471674e+34,YES
0.0375,1.995,2.3714099379578615,16.606965343194776,2.4244620170823407e+34,YES
0.04,1.995,2.4503104790065806,16.996396709255862,2.4244620170823407e+34,YES
0.0425,1.995,2.5259729313637314,17.368036610957226,2.4244620170823407e+34,YES
0.045,1.995,2.599053871153879,18.184848676917788,2.0309176209047306e+34,YES
0.035,2.0,2.538893907129718,17.393467101811346,2.4244620170823407e+34,YES
0.0375,2.0,2.6275697502876265,18.28536709079559,2.0309176209047306e+34,YES
0.04,2.0,2.7143433342196475,18.709786757264858,2.0309176209047306e+34,YES
0.0425,2.0,2.7975389914169715,19.11891593781425,2.0309176209047306e+34,YES
0.045,2.0,2.8784487722385155,20.015697178402714,1.7012542798525995e+34,YES
0.035,2.005,2.810428906203222,19.13986733473876,2.0309176209047306e+34,YES
0.0375,2.005,2.908417262731203,20.11824307659751,1.7012542798525995e+34,YES
0.04,2.005,3.0037843248984877,20.586027818225062,1.7012542798525995e+34,YES
0.0425,2.005,3.0952018760937388,21.0327158132892,1.7012542798525995e+34,YES
0.045,2.005,3.184635840499884,22.015915230406975,1.4251026703029964e+34,YES
0.035,2.01,3.1079260424218274,21.048518021039293,1.7012542798525995e+34,YES
0.0375,2.01,3.2160503925487505,22.11995419284236,1.4251026703029964e+34,YES
0.04,2.01,3.3207922839922555,22.63244980542203,1.4251026703029964e+34,YES
0.0425,2.01,3.4211786648846547,23.12182902759094,1.4251026703029964e+34,YES
0.045,2.01,3.5198787147992103,24.19884367323538,1.1937766417144455e+34,YES
